ID,INTERVIEW_SCHEDULED_DATE
210817,2023-08-12T00:04:57.157Z
210817,2023-08-11T22:33:09.637Z
206433,2023-08-11T21:43:17.337Z
206433,2023-08-11T21:24:22.683Z
209924,2023-08-11T21:19:35.303Z
209931,2023-08-11T19:39:13.75Z
210719,2023-08-11T19:33:35.913Z
210912,2023-08-11T19:13:41.947Z
210494,2023-08-11T19:10:24.743Z
210330,2023-08-11T19:06:57.88Z
210538,2023-08-11T18:32:59.367Z
209924,2023-08-11T18:16:13.567Z
209995,2023-08-11T17:58:26.237Z
210535,2023-08-11T17:03:16.78Z
210494,2023-08-11T16:50:15.957Z
203002,2023-08-11T16:48:26.97Z
208401,2023-08-11T16:41:37.507Z
210123,2023-08-11T15:36:10.11Z
209987,2023-08-11T15:24:49.333Z
209987,2023-08-11T15:08:17.793Z
210123,2023-08-11T15:06:22.307Z
208401,2023-08-11T15:01:11.363Z
210123,2023-08-11T14:37:57.997Z
210912,2023-08-11T14:31:47.763Z
210306,2023-08-11T14:28:38.7Z
210912,2023-08-11T14:03:25.127Z
210277,2023-08-10T21:12:23.923Z
209691,2023-08-10T21:07:06Z
210620,2023-08-10T21:00:56.863Z
210653,2023-08-10T20:54:34.563Z
209347,2023-08-10T20:38:42.093Z
210738,2023-08-10T20:18:17.353Z
210738,2023-08-10T20:17:22.45Z
209677,2023-08-10T20:14:37.73Z
210738,2023-08-10T20:13:55.853Z
210755,2023-08-10T20:02:43.453Z
210189,2023-08-10T19:47:56.337Z
209995,2023-08-10T19:33:59.307Z
210185,2023-08-10T19:07:38.41Z
210719,2023-08-10T19:03:53.077Z
209991,2023-08-10T18:43:50.1Z
210643,2023-08-10T18:41:28.327Z
210332,2023-08-10T18:34:48.75Z
210415,2023-08-10T18:34:09.077Z
210744,2023-08-10T18:25:45.3Z
210791,2023-08-10T18:12:13.973Z
209691,2023-08-10T18:08:45.543Z
210744,2023-08-10T18:05:17.45Z
210791,2023-08-10T17:49:04.793Z
210189,2023-08-10T17:24:02.333Z
210093,2023-08-10T17:09:35.197Z
210306,2023-08-10T16:03:20.697Z
209959,2023-08-10T15:59:56.247Z
210147,2023-08-10T15:45:18.247Z
210653,2023-08-10T15:38:59.963Z
209936,2023-08-10T15:32:52.373Z
210306,2023-08-10T15:19:28.77Z
210147,2023-08-10T15:04:32.53Z
210762,2023-08-10T15:03:59.34Z
210313,2023-08-10T15:00:54.537Z
210171,2023-08-10T14:23:22.163Z
210747,2023-08-10T14:08:23.64Z
210762,2023-08-10T13:36:45.06Z
210487,2023-08-09T23:44:47.897Z
210089,2023-08-09T23:03:44.727Z
209950,2023-08-09T22:54:04.07Z
210407,2023-08-09T21:52:53.337Z
210643,2023-08-09T21:40:09.863Z
209695,2023-08-09T21:35:39.883Z
210729,2023-08-09T21:27:17.323Z
210779,2023-08-09T21:06:04.74Z
207616,2023-08-09T20:55:49.78Z
210545,2023-08-09T20:48:15.363Z
210545,2023-08-09T20:45:02.2Z
210558,2023-08-09T20:43:12.077Z
210096,2023-08-09T20:39:57.213Z
210729,2023-08-09T20:39:03.407Z
210313,2023-08-09T20:19:41.967Z
208656,2023-08-09T20:11:40.8Z
209928,2023-08-09T20:06:57.227Z
210254,2023-08-09T20:04:24.52Z
210779,2023-08-09T19:59:59.617Z
210729,2023-08-09T19:41:16.887Z
210732,2023-08-09T19:38:50.203Z
210313,2023-08-09T19:38:29.16Z
210643,2023-08-09T19:11:45.733Z
210480,2023-08-09T18:57:47.497Z
210317,2023-08-09T18:57:01.65Z
210480,2023-08-09T18:41:36.25Z
209931,2023-08-09T18:14:17.373Z
208469,2023-08-09T18:13:16.373Z
210653,2023-08-09T18:00:48.77Z
210096,2023-08-09T17:56:24.447Z
210594,2023-08-09T17:46:26.08Z
210594,2023-08-09T17:45:27.09Z
209657,2023-08-09T17:08:24.727Z
209400,2023-08-09T17:04:52.537Z
210594,2023-08-09T16:36:34.677Z
209789,2023-08-09T16:03:52.673Z
210703,2023-08-09T15:34:11.037Z
206643,2023-08-09T15:25:17.107Z
206643,2023-08-09T14:55:38.527Z
210778,2023-08-09T14:52:59.057Z
210173,2023-08-09T14:52:14.793Z
208402,2023-08-09T14:36:08.72Z
210495,2023-08-09T14:16:50.13Z
210168,2023-08-09T14:14:51.277Z
210740,2023-08-09T14:06:19.48Z
209400,2023-08-09T13:56:02.7Z
210168,2023-08-09T13:36:14.57Z
210665,2023-08-09T13:29:44.51Z
210536,2023-08-08T21:47:38.9Z
210407,2023-08-08T21:34:19.46Z
210536,2023-08-08T21:15:39.47Z
210185,2023-08-08T21:14:10.087Z
210536,2023-08-08T21:13:21.743Z
210076,2023-08-08T21:09:11.91Z
210404,2023-08-08T20:48:39.467Z
209900,2023-08-08T20:46:02.923Z
210689,2023-08-08T20:09:31.25Z
210076,2023-08-08T19:41:11.59Z
210415,2023-08-08T19:36:05.743Z
210330,2023-08-08T19:18:45.183Z
210392,2023-08-08T18:57:42.36Z
209495,2023-08-08T18:51:42.087Z
207616,2023-08-08T18:34:32.63Z
210415,2023-08-08T18:06:35.493Z
210653,2023-08-08T17:42:56.413Z
210593,2023-08-08T16:38:34.34Z
210593,2023-08-08T16:34:42.873Z
210354,2023-08-08T15:07:52.223Z
210470,2023-08-08T15:04:37.777Z
210404,2023-08-08T14:32:29.66Z
209327,2023-08-08T13:11:45.93Z
209870,2023-08-08T12:26:06.063Z
209870,2023-08-08T01:05:15.663Z
210354,2023-08-07T21:48:54.51Z
209695,2023-08-07T21:41:43.853Z
210544,2023-08-07T20:49:45.4Z
210119,2023-08-07T20:11:01.027Z
210290,2023-08-07T20:02:29.48Z
210119,2023-08-07T19:47:48.487Z
210138,2023-08-07T18:51:03.26Z
209890,2023-08-07T18:44:43.923Z
209942,2023-08-07T18:34:42.74Z
208500,2023-08-07T18:30:21.39Z
209890,2023-08-07T18:25:03.397Z
209495,2023-08-07T18:16:51.267Z
209890,2023-08-07T18:05:23.85Z
209942,2023-08-07T18:03:03.18Z
208608,2023-08-07T17:25:04.65Z
210185,2023-08-07T17:05:50.64Z
205658,2023-08-07T15:37:11.077Z
210392,2023-08-07T15:13:38.197Z
210404,2023-08-07T15:05:28.307Z
210185,2023-08-07T14:50:29.537Z
210404,2023-08-07T14:34:08.533Z
208946,2023-08-07T14:05:15.47Z
210325,2023-08-07T13:48:01.237Z
209327,2023-08-07T12:37:34.883Z
209327,2023-08-07T11:53:44.787Z
