ID,TO_TIMESTAMP(DATE_ADDED/1000)
210704,2023-08-13T23:44:08.027Z
210935,2023-08-12T12:26:04.087Z
210836,2023-08-11T23:48:58.817Z
210990,2023-08-11T22:45:32.163Z
210988,2023-08-11T22:43:18.397Z
206718,2023-08-11T22:20:06.627Z
206718,2023-08-11T21:57:32.753Z
210988,2023-08-11T21:14:14.367Z
210990,2023-08-11T21:11:28.973Z
210990,2023-08-11T21:11:18.637Z
210988,2023-08-11T21:07:32.273Z
210990,2023-08-11T21:06:17.32Z
210963,2023-08-11T21:02:59.383Z
210913,2023-08-11T20:59:13.103Z
210836,2023-08-11T20:46:49.663Z
209980,2023-08-11T20:40:52.957Z
210912,2023-08-11T20:35:04.757Z
210951,2023-08-11T20:18:55.163Z
210576,2023-08-11T20:14:56.327Z
210982,2023-08-11T20:14:13.453Z
210973,2023-08-11T20:13:56.35Z
210913,2023-08-11T20:02:27.837Z
210963,2023-08-11T19:56:32.76Z
210973,2023-08-11T19:50:08.623Z
210973,2023-08-11T19:40:21.183Z
210934,2023-08-11T19:33:04.187Z
210963,2023-08-11T19:29:14.573Z
210963,2023-08-11T19:26:30.797Z
210931,2023-08-11T19:06:38.347Z
210869,2023-08-11T19:05:37.337Z
210939,2023-08-11T18:37:01.657Z
210939,2023-08-11T18:27:47.547Z
210912,2023-08-11T18:19:42.407Z
210964,2023-08-11T17:59:20.993Z
210921,2023-08-11T17:55:47.553Z
210960,2023-08-11T17:40:19.657Z
210964,2023-08-11T17:39:35.37Z
210441,2023-08-11T17:36:45.577Z
210958,2023-08-11T17:29:38.02Z
210963,2023-08-11T17:27:41.227Z
210964,2023-08-11T17:27:18.763Z
210912,2023-08-11T17:24:16.497Z
210935,2023-08-11T17:07:26.983Z
210960,2023-08-11T16:56:09.327Z
210958,2023-08-11T16:56:09.297Z
210963,2023-08-11T16:49:35.587Z
210960,2023-08-11T16:45:46.873Z
210254,2023-08-11T16:26:22.247Z
210903,2023-08-11T16:25:12.837Z
210843,2023-08-11T16:12:24.493Z
210939,2023-08-11T16:08:58.697Z
210704,2023-08-11T16:01:54.953Z
210958,2023-08-11T15:58:03.06Z
209695,2023-08-11T15:55:21.877Z
210704,2023-08-11T15:49:44.603Z
210920,2023-08-11T15:44:49.27Z
210846,2023-08-11T15:34:52.917Z
210935,2023-08-11T15:32:36.997Z
206652,2023-08-11T15:29:21.727Z
210254,2023-08-11T15:21:07.107Z
210939,2023-08-11T15:15:43.597Z
210939,2023-08-11T15:09:41.253Z
210934,2023-08-11T15:03:07.79Z
210912,2023-08-11T15:01:50.59Z
210844,2023-08-11T14:58:51.497Z
210769,2023-08-11T14:55:50.133Z
210912,2023-08-11T14:55:29.107Z
210931,2023-08-11T14:47:56.467Z
210242,2023-08-11T14:28:56.517Z
210689,2023-08-11T14:26:33.237Z
210903,2023-08-11T14:17:16.107Z
210844,2023-08-11T13:46:46.61Z
210921,2023-08-11T13:30:13.637Z
210904,2023-08-11T13:18:03.12Z
210920,2023-08-11T12:59:13.003Z
209691,2023-08-11T12:09:23.82Z
210904,2023-08-11T12:00:11.543Z
210904,2023-08-11T00:43:12.173Z
209995,2023-08-10T23:21:34.45Z
210576,2023-08-10T22:16:04.907Z
210912,2023-08-10T22:01:37.247Z
210912,2023-08-10T22:00:51.467Z
210912,2023-08-10T21:52:14.59Z
210904,2023-08-10T21:36:51.867Z
210819,2023-08-10T21:28:25.473Z
210906,2023-08-10T20:24:53.887Z
210740,2023-08-10T20:08:12.097Z
210070,2023-08-10T20:07:46.19Z
210894,2023-08-10T19:55:51.727Z
210576,2023-08-10T19:52:45.15Z
210772,2023-08-10T19:47:00.567Z
210897,2023-08-10T19:45:37.83Z
210868,2023-08-10T19:45:06.23Z
208572,2023-08-10T19:32:01.013Z
210897,2023-08-10T19:21:24.237Z
197166,2023-08-10T19:20:09.083Z
210844,2023-08-10T19:19:20.48Z
210897,2023-08-10T19:14:23.58Z
210897,2023-08-10T19:11:45.03Z
210869,2023-08-10T19:11:20.993Z
210894,2023-08-10T19:11:14.487Z
210689,2023-08-10T19:06:41.5Z
210897,2023-08-10T19:05:06.033Z
210886,2023-08-10T18:51:45.26Z
206251,2023-08-10T18:40:44.293Z
210093,2023-08-10T18:40:44.247Z
210884,2023-08-10T18:21:13.117Z
210842,2023-08-10T18:14:18.307Z
210843,2023-08-10T18:14:18.27Z
210869,2023-08-10T18:11:36.55Z
210837,2023-08-10T18:03:10.77Z
210868,2023-08-10T18:02:23.463Z
210814,2023-08-10T17:59:46.377Z
209665,2023-08-10T17:49:33.427Z
209392,2023-08-10T17:40:51.32Z
210555,2023-08-10T17:36:58.893Z
210868,2023-08-10T17:23:15.52Z
209940,2023-08-10T17:22:10.127Z
208205,2023-08-10T17:21:21.093Z
210858,2023-08-10T17:21:04.447Z
210837,2023-08-10T17:19:31.917Z
210850,2023-08-10T17:19:08.883Z
210487,2023-08-10T17:18:44.33Z
210875,2023-08-10T17:04:03.723Z
210317,2023-08-10T16:52:50.783Z
210658,2023-08-10T16:28:35.487Z
210850,2023-08-10T16:23:07.653Z
210850,2023-08-10T16:18:04.667Z
210862,2023-08-10T16:11:59.94Z
209392,2023-08-10T16:02:41.043Z
210875,2023-08-10T16:01:03.253Z
210869,2023-08-10T15:54:30.987Z
210858,2023-08-10T15:50:52.7Z
209940,2023-08-10T15:47:51.313Z
210875,2023-08-10T15:46:39.34Z
210810,2023-08-10T15:44:58.713Z
210689,2023-08-10T15:41:38.113Z
210869,2023-08-10T15:38:04.767Z
210875,2023-08-10T15:36:38.38Z
210869,2023-08-10T15:30:23.45Z
210594,2023-08-10T15:27:28.157Z
210819,2023-08-10T15:24:16.247Z
210574,2023-08-10T15:06:30.657Z
210827,2023-08-10T15:02:45.16Z
210858,2023-08-10T14:40:34.687Z
210810,2023-08-10T14:40:25.463Z
210837,2023-08-10T14:38:30.77Z
210850,2023-08-10T14:27:44.183Z
210850,2023-08-10T14:22:52.34Z
210850,2023-08-10T14:18:00.603Z
210773,2023-08-10T14:16:45.637Z
210507,2023-08-10T14:12:56.41Z
210404,2023-08-10T14:02:40.533Z
210773,2023-08-10T13:55:21.303Z
209281,2023-08-10T13:46:43.53Z
210837,2023-08-10T13:41:15.507Z
210850,2023-08-10T13:24:28.573Z
210827,2023-08-10T12:22:18.567Z
210843,2023-08-10T02:58:15.447Z
210842,2023-08-10T02:33:53.4Z
210773,2023-08-09T22:20:53.277Z
210653,2023-08-09T22:14:03.487Z
210574,2023-08-09T22:04:03.667Z
210810,2023-08-09T21:53:10.59Z
210715,2023-08-09T21:42:13.57Z
208572,2023-08-09T21:36:49.147Z
210817,2023-08-09T21:25:14.51Z
210380,2023-08-09T21:24:37.943Z
210622,2023-08-09T21:21:09.227Z
210814,2023-08-09T21:17:20.92Z
210487,2023-08-09T21:01:20.477Z
210817,2023-08-09T20:54:38.307Z
209931,2023-08-09T20:53:12.393Z
210815,2023-08-09T20:48:58.087Z
209695,2023-08-09T20:40:24.75Z
210815,2023-08-09T20:32:03.71Z
210815,2023-08-09T20:28:53.78Z
210815,2023-08-09T20:28:37.947Z
210070,2023-08-09T20:22:19.7Z
210332,2023-08-09T20:18:37.103Z
210772,2023-08-09T20:13:57.33Z
210810,2023-08-09T20:04:26.733Z
210625,2023-08-09T20:04:26.247Z
210710,2023-08-09T20:02:44.283Z
210812,2023-08-09T20:00:20.303Z
210817,2023-08-09T19:50:43.12Z
210632,2023-08-09T19:47:01.767Z
206652,2023-08-09T19:44:19.83Z
210769,2023-08-09T19:43:55.96Z
210815,2023-08-09T19:41:27.957Z
210783,2023-08-09T19:32:04.783Z
210814,2023-08-09T19:21:23.92Z
210783,2023-08-09T19:14:39.163Z
210507,2023-08-09T19:14:27.253Z
210769,2023-08-09T19:12:46.257Z
210653,2023-08-09T19:03:18.82Z
207777,2023-08-09T19:03:08.223Z
209940,2023-08-09T18:59:57.44Z
210466,2023-08-09T18:59:02.507Z
210812,2023-08-09T18:57:52.983Z
210812,2023-08-09T18:57:43.99Z
210738,2023-08-09T18:57:30.053Z
210814,2023-08-09T18:50:27.647Z
210466,2023-08-09T18:44:42.503Z
210812,2023-08-09T18:29:53.157Z
210441,2023-08-09T18:28:42.41Z
210791,2023-08-09T18:11:53.42Z
209860,2023-08-09T18:10:44.157Z
210772,2023-08-09T18:01:59.657Z
210788,2023-08-09T17:51:18.807Z
210788,2023-08-09T17:35:39.447Z
210783,2023-08-09T17:26:58.1Z
210791,2023-08-09T16:56:50.267Z
210700,2023-08-09T16:24:05.163Z
210783,2023-08-09T16:14:04.95Z
210762,2023-08-09T16:06:19.837Z
210769,2023-08-09T15:54:06.7Z
177650,2023-08-09T15:54:05.46Z
210736,2023-08-09T15:47:03.72Z
210330,2023-08-09T15:44:15.087Z
210792,2023-08-09T15:40:17.547Z
210792,2023-08-09T15:40:13.443Z
210792,2023-08-09T15:34:35.383Z
210762,2023-08-09T15:33:23.027Z
210792,2023-08-09T15:25:58.963Z
210779,2023-08-09T15:16:59.503Z
210689,2023-08-09T15:16:58.803Z
210783,2023-08-09T15:16:36.837Z
210788,2023-08-09T15:13:21.72Z
210740,2023-08-09T15:05:41.793Z
207777,2023-08-09T15:03:40.617Z
210582,2023-08-09T15:03:32.723Z
210788,2023-08-09T14:57:41.89Z
210332,2023-08-09T14:57:21.84Z
210788,2023-08-09T14:54:05.817Z
210744,2023-08-09T14:52:58.527Z
210788,2023-08-09T14:47:51.827Z
209860,2023-08-09T14:47:08.217Z
210779,2023-08-09T14:47:01.14Z
210660,2023-08-09T14:45:13.997Z
209860,2023-08-09T14:42:12.07Z
209860,2023-08-09T14:38:01.503Z
210773,2023-08-09T14:37:18.58Z
209860,2023-08-09T14:37:08.853Z
210783,2023-08-09T14:28:26.39Z
210779,2023-08-09T14:28:06.76Z
210622,2023-08-09T14:26:14.457Z
210779,2023-08-09T14:18:26.76Z
210783,2023-08-09T14:16:04.443Z
210185,2023-08-09T14:14:22.493Z
210762,2023-08-09T14:06:26.457Z
210772,2023-08-09T14:00:44.997Z
210715,2023-08-09T13:58:20.85Z
210772,2023-08-09T13:54:39.093Z
210332,2023-08-09T13:53:34.007Z
210350,2023-08-09T13:48:45.2Z
210559,2023-08-09T13:42:36.473Z
210773,2023-08-09T13:42:01.467Z
210755,2023-08-09T13:40:52.78Z
210715,2023-08-09T13:38:09.603Z
210650,2023-08-09T13:34:04.377Z
210700,2023-08-09T13:33:26.773Z
210748,2023-08-09T13:33:13.343Z
210778,2023-08-09T13:29:44.433Z
210620,2023-08-09T13:27:47.063Z
209927,2023-08-09T13:27:07.027Z
210773,2023-08-09T13:26:07.25Z
210582,2023-08-09T13:21:57.77Z
210757,2023-08-09T13:20:46.537Z
210773,2023-08-09T13:14:43.453Z
210559,2023-08-09T12:58:27.85Z
210755,2023-08-09T12:29:36.757Z
210757,2023-08-09T12:02:55.817Z
210559,2023-08-09T00:57:23.837Z
210688,2023-08-08T23:06:33.16Z
210769,2023-08-08T22:48:37.453Z
210559,2023-08-08T22:33:25.01Z
210769,2023-08-08T22:33:01.273Z
210769,2023-08-08T22:30:54.62Z
210747,2023-08-08T22:01:44.233Z
210594,2023-08-08T21:44:17.01Z
210719,2023-08-08T21:40:49.867Z
210757,2023-08-08T21:38:39.003Z
210755,2023-08-08T21:28:49.063Z
210757,2023-08-08T21:24:09.82Z
210757,2023-08-08T21:20:02.43Z
210744,2023-08-08T21:18:04.983Z
210729,2023-08-08T21:16:14.943Z
210415,2023-08-08T21:09:46.273Z
210732,2023-08-08T21:07:41.367Z
207777,2023-08-08T21:06:57.33Z
210736,2023-08-08T20:52:12.677Z
210591,2023-08-08T20:50:48.38Z
210332,2023-08-08T20:47:15.703Z
208205,2023-08-08T20:46:59.95Z
210732,2023-08-08T20:45:14.603Z
210688,2023-08-08T20:40:25.103Z
210732,2023-08-08T20:37:48.367Z
210732,2023-08-08T20:35:50.207Z
210738,2023-08-08T20:33:43.617Z
209041,2023-08-08T20:28:41.15Z
210699,2023-08-08T20:23:02.423Z
210738,2023-08-08T20:21:10.727Z
210622,2023-08-08T20:21:02.907Z
210332,2023-08-08T20:20:22.81Z
210631,2023-08-08T20:18:17.05Z
210729,2023-08-08T20:17:08.077Z
210317,2023-08-08T20:16:02.73Z
210732,2023-08-08T20:13:44.197Z
210736,2023-08-08T20:07:35.527Z
210715,2023-08-08T20:07:20.503Z
210729,2023-08-08T20:04:09.493Z
206817,2023-08-08T19:59:03.627Z
210744,2023-08-08T19:58:55.29Z
210093,2023-08-08T19:53:39.77Z
210740,2023-08-08T19:48:09.493Z
210591,2023-08-08T19:40:29.113Z
210689,2023-08-08T19:38:17.817Z
210620,2023-08-08T19:32:56.2Z
210719,2023-08-08T19:32:53.967Z
210559,2023-08-08T19:30:17.457Z
210700,2023-08-08T19:21:40.617Z
210582,2023-08-08T19:21:04.757Z
210719,2023-08-08T19:20:25.803Z
210559,2023-08-08T19:15:47.737Z
210715,2023-08-08T19:10:39.153Z
210688,2023-08-08T19:06:35.917Z
210674,2023-08-08T19:06:34.107Z
210631,2023-08-08T19:06:29.727Z
210729,2023-08-08T19:02:26.193Z
210231,2023-08-08T19:00:06.373Z
210620,2023-08-08T18:57:49.353Z
210715,2023-08-08T18:57:46.317Z
210231,2023-08-08T18:56:04.717Z
210559,2023-08-08T18:51:17.697Z
210674,2023-08-08T18:49:27.583Z
210415,2023-08-08T18:47:14.327Z
210719,2023-08-08T18:45:30.133Z
209281,2023-08-08T18:43:25.543Z
210629,2023-08-08T18:42:26.177Z
210719,2023-08-08T18:38:46.11Z
209690,2023-08-08T18:33:43.59Z
210441,2023-08-08T18:05:45.717Z
210620,2023-08-08T17:58:17.647Z
210089,2023-08-08T17:52:01.21Z
210693,2023-08-08T17:49:13.933Z
210689,2023-08-08T17:48:24.39Z
210559,2023-08-08T17:43:03.58Z
210674,2023-08-08T17:38:08.067Z
206817,2023-08-08T17:35:39.54Z
209607,2023-08-08T17:31:43.587Z
210576,2023-08-08T17:19:38.113Z
210477,2023-08-08T17:11:15.773Z
207777,2023-08-08T17:05:06.49Z
210703,2023-08-08T16:57:20.68Z
210699,2023-08-08T16:40:40.597Z
210415,2023-08-08T16:22:13.87Z
210688,2023-08-08T16:08:04.207Z
210697,2023-08-08T16:05:14.36Z
210495,2023-08-08T16:01:34.677Z
210699,2023-08-08T16:01:09.937Z
210660,2023-08-08T16:00:37.483Z
206817,2023-08-08T15:59:45.943Z
210693,2023-08-08T15:59:18.873Z
210693,2023-08-08T15:58:17.98Z
210559,2023-08-08T15:58:01.913Z
210584,2023-08-08T15:56:34.133Z
210587,2023-08-08T15:56:34.093Z
210441,2023-08-08T15:56:12.243Z
210313,2023-08-08T15:54:33.233Z
210693,2023-08-08T15:49:31.167Z
210313,2023-08-08T15:44:23.06Z
210649,2023-08-08T15:44:23.027Z
210689,2023-08-08T15:44:09.767Z
210688,2023-08-08T15:44:04.413Z
210674,2023-08-08T15:37:09.08Z
210559,2023-08-08T15:35:36.67Z
210688,2023-08-08T15:32:35.537Z
210693,2023-08-08T15:32:33.193Z
210611,2023-08-08T15:20:54.703Z
209380,2023-08-08T15:20:50.187Z
210538,2023-08-08T15:13:09.06Z
210658,2023-08-08T15:13:09.003Z
209756,2023-08-08T15:12:52.303Z
210579,2023-08-08T14:55:00.02Z
210674,2023-08-08T14:53:06.987Z
210277,2023-08-08T14:52:12.98Z
210545,2023-08-08T14:51:51.947Z
210674,2023-08-08T14:51:18.58Z
210622,2023-08-08T14:44:32.767Z
210392,2023-08-08T14:31:32.73Z
210559,2023-08-08T14:29:40.873Z
210631,2023-08-08T14:22:40.957Z
210660,2023-08-08T14:22:10.413Z
210643,2023-08-08T14:21:53.833Z
206652,2023-08-08T14:17:47.107Z
210622,2023-08-08T13:51:35.213Z
209927,2023-08-08T13:50:49.77Z
210392,2023-08-08T13:47:59.437Z
210653,2023-08-08T13:37:48.223Z
210665,2023-08-08T13:34:59.487Z
210620,2023-08-08T13:34:09.573Z
210620,2023-08-08T13:14:49.607Z
206817,2023-08-08T13:13:31.97Z
210643,2023-08-08T13:03:43.203Z
210544,2023-08-08T12:16:22.727Z
210089,2023-08-07T22:40:55.243Z
208402,2023-08-07T22:31:33.997Z
210631,2023-08-07T22:30:46.913Z
206817,2023-08-07T22:21:56.607Z
210649,2023-08-07T22:19:19.447Z
210653,2023-08-07T22:10:01.333Z
210545,2023-08-07T22:04:41.383Z
210415,2023-08-07T21:52:27.67Z
210649,2023-08-07T21:49:59.287Z
210643,2023-08-07T21:48:35.737Z
210254,2023-08-07T21:47:55.377Z
210649,2023-08-07T21:45:29.177Z
210555,2023-08-07T21:40:52.367Z
209768,2023-08-07T21:39:46.303Z
206652,2023-08-07T21:38:19.787Z
210643,2023-08-07T21:34:17.017Z
210643,2023-08-07T21:29:29.083Z
210554,2023-08-07T21:26:33.487Z
210631,2023-08-07T21:22:06.403Z
210507,2023-08-07T21:20:25.243Z
210507,2023-08-07T21:17:35.693Z
210649,2023-08-07T21:14:29.723Z
210587,2023-08-07T21:08:59.697Z
210584,2023-08-07T21:08:59.66Z
206251,2023-08-07T20:57:47.79Z
210093,2023-08-07T20:57:47.727Z
205573,2023-08-07T20:57:47.64Z
210643,2023-08-07T20:55:53.79Z
210631,2023-08-07T20:51:30.5Z
210179,2023-08-07T20:51:19.09Z
210585,2023-08-07T20:51:10.637Z
210494,2023-08-07T20:49:32.007Z
210357,2023-08-07T20:46:30.347Z
210474,2023-08-07T20:23:09.96Z
210541,2023-08-07T19:59:11.66Z
210477,2023-08-07T19:53:37.087Z
210611,2023-08-07T19:51:58.99Z
210632,2023-08-07T19:50:54.73Z
210541,2023-08-07T19:50:06.507Z
210587,2023-08-07T19:48:50.187Z
210584,2023-08-07T19:48:13.257Z
209950,2023-08-07T19:41:32.623Z
210625,2023-08-07T19:41:21.727Z
210629,2023-08-07T19:35:00.473Z
210357,2023-08-07T19:34:20.927Z
210611,2023-08-07T19:21:52.91Z
210507,2023-08-07T19:15:35.313Z
210625,2023-08-07T19:12:55.873Z
210558,2023-08-07T19:09:18.8Z
210541,2023-08-07T18:48:50.62Z
210594,2023-08-07T18:46:06.297Z
210535,2023-08-07T18:29:21.437Z
210124,2023-08-07T18:26:46.633Z
210587,2023-08-07T18:15:09.293Z
210584,2023-08-07T18:15:08.94Z
209768,2023-08-07T18:11:19.457Z
210593,2023-08-07T17:54:30.557Z
210313,2023-08-07T17:47:08.743Z
209789,2023-08-07T17:41:27.03Z
210593,2023-08-07T17:33:17.243Z
210554,2023-08-07T17:32:55.797Z
210555,2023-08-07T17:31:35.313Z
210574,2023-08-07T17:28:07.867Z
210594,2023-08-07T17:27:57.277Z
210554,2023-08-07T17:24:12.497Z
209940,2023-08-07T17:11:31.827Z
210404,2023-08-07T16:58:21.597Z
210593,2023-08-07T16:55:32.633Z
210584,2023-08-07T16:26:28.22Z
210587,2023-08-07T16:26:28.193Z
210415,2023-08-07T16:26:14.19Z
210550,2023-08-07T16:12:37.65Z
209536,2023-08-07T16:12:29.007Z
210480,2023-08-07T16:11:50.963Z
210535,2023-08-07T16:05:11.65Z
209980,2023-08-07T15:57:03.1Z
210554,2023-08-07T15:50:45.723Z
210550,2023-08-07T15:43:04.523Z
210480,2023-08-07T15:35:23.367Z
210470,2023-08-07T15:30:13.167Z
210519,2023-08-07T15:29:43.897Z
210550,2023-08-07T15:25:31.147Z
210494,2023-08-07T15:19:00.097Z
210535,2023-08-07T15:13:53.36Z
209536,2023-08-07T15:08:22.377Z
210477,2023-08-07T15:06:19.043Z
210574,2023-08-07T15:02:15.283Z
210574,2023-08-07T15:00:48.97Z
210531,2023-08-07T15:00:47.817Z
210550,2023-08-07T15:00:02.907Z
210559,2023-08-07T14:46:16.263Z
210558,2023-08-07T14:43:41.333Z
210519,2023-08-07T14:40:44.273Z
210474,2023-08-07T14:36:10.063Z
209931,2023-08-07T14:27:29.6Z
210404,2023-08-07T14:20:45.087Z
210330,2023-08-07T14:16:02.347Z
209536,2023-08-07T14:13:33.81Z
209695,2023-08-07T14:06:26.547Z
210558,2023-08-07T13:57:01.597Z
210535,2023-08-07T13:26:34.67Z
210494,2023-08-07T13:24:15.937Z
