ID,TO_TIMESTAMP (DATE_ADDED/1000)
26156,2023-09-16T12:27:32.667Z
26155,2023-09-15T20:41:03.797Z
26154,2023-09-15T20:12:47.323Z
26153,2023-09-15T20:03:07.543Z
26152,2023-09-15T19:56:19.423Z
26151,2023-09-15T19:06:55.777Z
26150,2023-09-15T18:26:51.447Z
26149,2023-09-15T16:11:52.237Z
26147,2023-09-15T14:11:28.017Z
26146,2023-09-15T13:39:17.923Z
26144,2023-09-14T22:03:16.53Z
26143,2023-09-14T20:27:16.083Z
26142,2023-09-14T20:21:45Z
26141,2023-09-14T19:23:58.037Z
26139,2023-09-14T19:09:26.953Z
26138,2023-09-14T18:20:57.33Z
26137,2023-09-14T13:47:45.847Z
26136,2023-09-14T12:28:39.9Z
26135,2023-09-13T22:15:19.443Z
26134,2023-09-13T22:08:30.13Z
26133,2023-09-13T21:57:44.607Z
26132,2023-09-13T21:41:39.827Z
26131,2023-09-13T21:36:16.067Z
26130,2023-09-13T20:42:33.34Z
26129,2023-09-13T19:45:26.453Z
26128,2023-09-13T17:45:48.36Z
26127,2023-09-13T16:34:36.297Z
26124,2023-09-13T14:21:41.353Z
26123,2023-09-13T13:00:41.31Z
26122,2023-09-13T00:13:17.94Z
26121,2023-09-12T22:23:17.993Z
26120,2023-09-12T20:32:17.723Z
26119,2023-09-12T20:31:40.257Z
26118,2023-09-12T20:16:52.56Z
26117,2023-09-12T20:03:39.267Z
26116,2023-09-12T19:48:43.903Z
26115,2023-09-12T18:27:59.253Z
26114,2023-09-12T13:43:58.157Z
26112,2023-09-11T21:13:03.567Z
26111,2023-09-11T20:44:49.45Z
26110,2023-09-11T19:33:44.497Z
26109,2023-09-11T17:52:19.337Z
26108,2023-09-11T15:50:08.097Z
